schema_version,image_id,relative_path,session_id,build_revision,pot_target_id,pot_target_deg,s_left_on,s_right_on,capture_rotation_intent_deg,camera_source,capture_notes,split
1,s01_p00_l0_r0_001,s01_p00_l0_r0_001.jpg,s01,fixed-build-v1,p00,45,0,0,-15,iphone-rear-1x,,train
1,s01_p00_l1_r0_002,s01_p00_l1_r0_002.jpg,s01,fixed-build-v1,p00,45,1,0,-5,iphone-rear-1x,,train
1,s01_p00_l1_r1_003,s01_p00_l1_r1_003.jpg,s01,fixed-build-v1,p00,45,1,1,5,iphone-rear-1x,,train
1,s01_p00_l0_r1_004,s01_p00_l0_r1_004.jpg,s01,fixed-build-v1,p00,45,0,1,15,iphone-rear-1x,,train
1,s01_p01_l0_r0_005,s01_p01_l0_r0_005.jpg,s01,fixed-build-v1,p01,75,0,0,-5,iphone-rear-1x,,train
1,s01_p01_l1_r0_006,s01_p01_l1_r0_006.jpg,s01,fixed-build-v1,p01,75,1,0,5,iphone-rear-1x,,train
1,s01_p01_l1_r1_007,s01_p01_l1_r1_007.jpg,s01,fixed-build-v1,p01,75,1,1,15,iphone-rear-1x,,train
1,s01_p01_l0_r1_008,s01_p01_l0_r1_008.jpg,s01,fixed-build-v1,p01,75,0,1,25,iphone-rear-1x,,train
1,s01_p02_l0_r0_009,s01_p02_l0_r0_009.jpg,s01,fixed-build-v1,p02,105,0,0,5,iphone-rear-1x,,train
1,s01_p02_l1_r0_010,s01_p02_l1_r0_010.jpg,s01,fixed-build-v1,p02,105,1,0,15,iphone-rear-1x,,train
1,s01_p02_l1_r1_011,s01_p02_l1_r1_011.jpg,s01,fixed-build-v1,p02,105,1,1,25,iphone-rear-1x,,train
1,s01_p02_l0_r1_012,s01_p02_l0_r1_012.jpg,s01,fixed-build-v1,p02,105,0,1,-25,iphone-rear-1x,,train
1,s01_p03_l0_r0_013,s01_p03_l0_r0_013.jpg,s01,fixed-build-v1,p03,135,0,0,15,iphone-rear-1x,,train
1,s01_p03_l1_r0_014,s01_p03_l1_r0_014.jpg,s01,fixed-build-v1,p03,135,1,0,25,iphone-rear-1x,,train
1,s01_p03_l1_r1_015,s01_p03_l1_r1_015.jpg,s01,fixed-build-v1,p03,135,1,1,-25,iphone-rear-1x,,train
1,s01_p03_l0_r1_016,s01_p03_l0_r1_016.jpg,s01,fixed-build-v1,p03,135,0,1,-15,iphone-rear-1x,,train
1,s01_p04_l0_r0_017,s01_p04_l0_r0_017.jpg,s01,fixed-build-v1,p04,165,0,0,25,iphone-rear-1x,,train
1,s01_p04_l1_r0_018,s01_p04_l1_r0_018.jpg,s01,fixed-build-v1,p04,165,1,0,-25,iphone-rear-1x,,train
1,s01_p04_l1_r1_019,s01_p04_l1_r1_019.jpg,s01,fixed-build-v1,p04,165,1,1,-15,iphone-rear-1x,,train
1,s01_p04_l0_r1_020,s01_p04_l0_r1_020.jpg,s01,fixed-build-v1,p04,165,0,1,-5,iphone-rear-1x,,train
1,s01_p05_l0_r0_021,s01_p05_l0_r0_021.jpg,s01,fixed-build-v1,p05,195,0,0,-25,iphone-rear-1x,,train
1,s01_p05_l1_r0_022,s01_p05_l1_r0_022.jpg,s01,fixed-build-v1,p05,195,1,0,-15,iphone-rear-1x,,train
1,s01_p05_l1_r1_023,s01_p05_l1_r1_023.jpg,s01,fixed-build-v1,p05,195,1,1,-5,iphone-rear-1x,,train
1,s01_p05_l0_r1_024,s01_p05_l0_r1_024.jpg,s01,fixed-build-v1,p05,195,0,1,5,iphone-rear-1x,,train
1,s01_p06_l0_r0_025,s01_p06_l0_r0_025.jpg,s01,fixed-build-v1,p06,225,0,0,-15,iphone-rear-1x,,train
1,s01_p06_l1_r0_026,s01_p06_l1_r0_026.jpg,s01,fixed-build-v1,p06,225,1,0,-5,iphone-rear-1x,,train
1,s01_p06_l1_r1_027,s01_p06_l1_r1_027.jpg,s01,fixed-build-v1,p06,225,1,1,5,iphone-rear-1x,,train
1,s01_p06_l0_r1_028,s01_p06_l0_r1_028.jpg,s01,fixed-build-v1,p06,225,0,1,15,iphone-rear-1x,,train
1,s01_p07_l0_r0_029,s01_p07_l0_r0_029.jpg,s01,fixed-build-v1,p07,255,0,0,-5,iphone-rear-1x,,train
1,s01_p07_l1_r0_030,s01_p07_l1_r0_030.jpg,s01,fixed-build-v1,p07,255,1,0,5,iphone-rear-1x,,train
1,s01_p07_l1_r1_031,s01_p07_l1_r1_031.jpg,s01,fixed-build-v1,p07,255,1,1,15,iphone-rear-1x,,train
1,s01_p07_l0_r1_032,s01_p07_l0_r1_032.jpg,s01,fixed-build-v1,p07,255,0,1,25,iphone-rear-1x,,train
1,s01_p08_l0_r0_033,s01_p08_l0_r0_033.jpg,s01,fixed-build-v1,p08,285,0,0,5,iphone-rear-1x,,train
1,s01_p08_l1_r0_034,s01_p08_l1_r0_034.jpg,s01,fixed-build-v1,p08,285,1,0,15,iphone-rear-1x,,train
1,s01_p08_l1_r1_035,s01_p08_l1_r1_035.jpg,s01,fixed-build-v1,p08,285,1,1,25,iphone-rear-1x,,train
1,s01_p08_l0_r1_036,s01_p08_l0_r1_036.jpg,s01,fixed-build-v1,p08,285,0,1,-25,iphone-rear-1x,,train
1,s01_p09_l0_r0_037,s01_p09_l0_r0_037.jpg,s01,fixed-build-v1,p09,315,0,0,15,iphone-rear-1x,,train
1,s01_p09_l1_r0_038,s01_p09_l1_r0_038.jpg,s01,fixed-build-v1,p09,315,1,0,25,iphone-rear-1x,,train
1,s01_p09_l1_r1_039,s01_p09_l1_r1_039.jpg,s01,fixed-build-v1,p09,315,1,1,-25,iphone-rear-1x,,train
1,s01_p09_l0_r1_040,s01_p09_l0_r1_040.jpg,s01,fixed-build-v1,p09,315,0,1,-15,iphone-rear-1x,,train
1,s02_p00_l0_r0_041,s02_p00_l0_r0_041.jpg,s02,fixed-build-v1,p00,45,0,0,-5,iphone-rear-1x,,train
1,s02_p00_l1_r0_042,s02_p00_l1_r0_042.jpg,s02,fixed-build-v1,p00,45,1,0,5,iphone-rear-1x,,train
1,s02_p00_l1_r1_043,s02_p00_l1_r1_043.jpg,s02,fixed-build-v1,p00,45,1,1,15,iphone-rear-1x,,train
1,s02_p00_l0_r1_044,s02_p00_l0_r1_044.jpg,s02,fixed-build-v1,p00,45,0,1,25,iphone-rear-1x,,train
1,s02_p01_l0_r0_045,s02_p01_l0_r0_045.jpg,s02,fixed-build-v1,p01,75,0,0,5,iphone-rear-1x,,train
1,s02_p01_l1_r0_046,s02_p01_l1_r0_046.jpg,s02,fixed-build-v1,p01,75,1,0,15,iphone-rear-1x,,train
1,s02_p01_l1_r1_047,s02_p01_l1_r1_047.jpg,s02,fixed-build-v1,p01,75,1,1,25,iphone-rear-1x,,train
1,s02_p01_l0_r1_048,s02_p01_l0_r1_048.jpg,s02,fixed-build-v1,p01,75,0,1,-25,iphone-rear-1x,,train
1,s02_p02_l0_r0_049,s02_p02_l0_r0_049.jpg,s02,fixed-build-v1,p02,105,0,0,15,iphone-rear-1x,,train
1,s02_p02_l1_r0_050,s02_p02_l1_r0_050.jpg,s02,fixed-build-v1,p02,105,1,0,25,iphone-rear-1x,,train
1,s02_p02_l1_r1_051,s02_p02_l1_r1_051.jpg,s02,fixed-build-v1,p02,105,1,1,-25,iphone-rear-1x,,train
1,s02_p02_l0_r1_052,s02_p02_l0_r1_052.jpg,s02,fixed-build-v1,p02,105,0,1,-15,iphone-rear-1x,,train
1,s02_p03_l0_r0_053,s02_p03_l0_r0_053.jpg,s02,fixed-build-v1,p03,135,0,0,25,iphone-rear-1x,,train
1,s02_p03_l1_r0_054,s02_p03_l1_r0_054.jpg,s02,fixed-build-v1,p03,135,1,0,-25,iphone-rear-1x,,train
1,s02_p03_l1_r1_055,s02_p03_l1_r1_055.jpg,s02,fixed-build-v1,p03,135,1,1,-15,iphone-rear-1x,,train
1,s02_p03_l0_r1_056,s02_p03_l0_r1_056.jpg,s02,fixed-build-v1,p03,135,0,1,-5,iphone-rear-1x,,train
1,s02_p04_l0_r0_057,s02_p04_l0_r0_057.jpg,s02,fixed-build-v1,p04,165,0,0,-25,iphone-rear-1x,,train
1,s02_p04_l1_r0_058,s02_p04_l1_r0_058.jpg,s02,fixed-build-v1,p04,165,1,0,-15,iphone-rear-1x,,train
1,s02_p04_l1_r1_059,s02_p04_l1_r1_059.jpg,s02,fixed-build-v1,p04,165,1,1,-5,iphone-rear-1x,,train
1,s02_p04_l0_r1_060,s02_p04_l0_r1_060.jpg,s02,fixed-build-v1,p04,165,0,1,5,iphone-rear-1x,,train
1,s02_p05_l0_r0_061,s02_p05_l0_r0_061.jpg,s02,fixed-build-v1,p05,195,0,0,-15,iphone-rear-1x,,train
1,s02_p05_l1_r0_062,s02_p05_l1_r0_062.jpg,s02,fixed-build-v1,p05,195,1,0,-5,iphone-rear-1x,,train
1,s02_p05_l1_r1_063,s02_p05_l1_r1_063.jpg,s02,fixed-build-v1,p05,195,1,1,5,iphone-rear-1x,,train
1,s02_p05_l0_r1_064,s02_p05_l0_r1_064.jpg,s02,fixed-build-v1,p05,195,0,1,15,iphone-rear-1x,,train
1,s02_p06_l0_r0_065,s02_p06_l0_r0_065.jpg,s02,fixed-build-v1,p06,225,0,0,-5,iphone-rear-1x,,train
1,s02_p06_l1_r0_066,s02_p06_l1_r0_066.jpg,s02,fixed-build-v1,p06,225,1,0,5,iphone-rear-1x,,train
1,s02_p06_l1_r1_067,s02_p06_l1_r1_067.jpg,s02,fixed-build-v1,p06,225,1,1,15,iphone-rear-1x,,train
1,s02_p06_l0_r1_068,s02_p06_l0_r1_068.jpg,s02,fixed-build-v1,p06,225,0,1,25,iphone-rear-1x,,train
1,s02_p07_l0_r0_069,s02_p07_l0_r0_069.jpg,s02,fixed-build-v1,p07,255,0,0,5,iphone-rear-1x,,train
1,s02_p07_l1_r0_070,s02_p07_l1_r0_070.jpg,s02,fixed-build-v1,p07,255,1,0,15,iphone-rear-1x,,train
1,s02_p07_l1_r1_071,s02_p07_l1_r1_071.jpg,s02,fixed-build-v1,p07,255,1,1,25,iphone-rear-1x,,train
1,s02_p07_l0_r1_072,s02_p07_l0_r1_072.jpg,s02,fixed-build-v1,p07,255,0,1,-25,iphone-rear-1x,,train
1,s02_p08_l0_r0_073,s02_p08_l0_r0_073.jpg,s02,fixed-build-v1,p08,285,0,0,15,iphone-rear-1x,,train
1,s02_p08_l1_r0_074,s02_p08_l1_r0_074.jpg,s02,fixed-build-v1,p08,285,1,0,25,iphone-rear-1x,,train
1,s02_p08_l1_r1_075,s02_p08_l1_r1_075.jpg,s02,fixed-build-v1,p08,285,1,1,-25,iphone-rear-1x,,train
1,s02_p08_l0_r1_076,s02_p08_l0_r1_076.jpg,s02,fixed-build-v1,p08,285,0,1,-15,iphone-rear-1x,,train
1,s02_p09_l0_r0_077,s02_p09_l0_r0_077.jpg,s02,fixed-build-v1,p09,315,0,0,25,iphone-rear-1x,,train
1,s02_p09_l1_r0_078,s02_p09_l1_r0_078.jpg,s02,fixed-build-v1,p09,315,1,0,-25,iphone-rear-1x,,train
1,s02_p09_l1_r1_079,s02_p09_l1_r1_079.jpg,s02,fixed-build-v1,p09,315,1,1,-15,iphone-rear-1x,,train
1,s02_p09_l0_r1_080,s02_p09_l0_r1_080.jpg,s02,fixed-build-v1,p09,315,0,1,-5,iphone-rear-1x,,train
1,s03_p00_l0_r0_081,s03_p00_l0_r0_081.jpg,s03,fixed-build-v1,p00,45,0,0,5,iphone-rear-1x,,train
1,s03_p00_l1_r0_082,s03_p00_l1_r0_082.jpg,s03,fixed-build-v1,p00,45,1,0,15,iphone-rear-1x,,train
1,s03_p00_l1_r1_083,s03_p00_l1_r1_083.jpg,s03,fixed-build-v1,p00,45,1,1,25,iphone-rear-1x,,train
1,s03_p00_l0_r1_084,s03_p00_l0_r1_084.jpg,s03,fixed-build-v1,p00,45,0,1,-25,iphone-rear-1x,,train
1,s03_p01_l0_r0_085,s03_p01_l0_r0_085.jpg,s03,fixed-build-v1,p01,75,0,0,15,iphone-rear-1x,,train
1,s03_p01_l1_r0_086,s03_p01_l1_r0_086.jpg,s03,fixed-build-v1,p01,75,1,0,25,iphone-rear-1x,,train
1,s03_p01_l1_r1_087,s03_p01_l1_r1_087.jpg,s03,fixed-build-v1,p01,75,1,1,-25,iphone-rear-1x,,train
1,s03_p01_l0_r1_088,s03_p01_l0_r1_088.jpg,s03,fixed-build-v1,p01,75,0,1,-15,iphone-rear-1x,,train
1,s03_p02_l0_r0_089,s03_p02_l0_r0_089.jpg,s03,fixed-build-v1,p02,105,0,0,25,iphone-rear-1x,,train
1,s03_p02_l1_r0_090,s03_p02_l1_r0_090.jpg,s03,fixed-build-v1,p02,105,1,0,-25,iphone-rear-1x,,train
1,s03_p02_l1_r1_091,s03_p02_l1_r1_091.jpg,s03,fixed-build-v1,p02,105,1,1,-15,iphone-rear-1x,,train
1,s03_p02_l0_r1_092,s03_p02_l0_r1_092.jpg,s03,fixed-build-v1,p02,105,0,1,-5,iphone-rear-1x,,train
1,s03_p03_l0_r0_093,s03_p03_l0_r0_093.jpg,s03,fixed-build-v1,p03,135,0,0,-25,iphone-rear-1x,,train
1,s03_p03_l1_r0_094,s03_p03_l1_r0_094.jpg,s03,fixed-build-v1,p03,135,1,0,-15,iphone-rear-1x,,train
1,s03_p03_l1_r1_095,s03_p03_l1_r1_095.jpg,s03,fixed-build-v1,p03,135,1,1,-5,iphone-rear-1x,,train
1,s03_p03_l0_r1_096,s03_p03_l0_r1_096.jpg,s03,fixed-build-v1,p03,135,0,1,5,iphone-rear-1x,,train
1,s03_p04_l0_r0_097,s03_p04_l0_r0_097.jpg,s03,fixed-build-v1,p04,165,0,0,-15,iphone-rear-1x,,train
1,s03_p04_l1_r0_098,s03_p04_l1_r0_098.jpg,s03,fixed-build-v1,p04,165,1,0,-5,iphone-rear-1x,,train
1,s03_p04_l1_r1_099,s03_p04_l1_r1_099.jpg,s03,fixed-build-v1,p04,165,1,1,5,iphone-rear-1x,,train
1,s03_p04_l0_r1_100,s03_p04_l0_r1_100.jpg,s03,fixed-build-v1,p04,165,0,1,15,iphone-rear-1x,,train
1,s03_p05_l0_r0_101,s03_p05_l0_r0_101.jpg,s03,fixed-build-v1,p05,195,0,0,-5,iphone-rear-1x,,train
1,s03_p05_l1_r0_102,s03_p05_l1_r0_102.jpg,s03,fixed-build-v1,p05,195,1,0,5,iphone-rear-1x,,train
1,s03_p05_l1_r1_103,s03_p05_l1_r1_103.jpg,s03,fixed-build-v1,p05,195,1,1,15,iphone-rear-1x,,train
1,s03_p05_l0_r1_104,s03_p05_l0_r1_104.jpg,s03,fixed-build-v1,p05,195,0,1,25,iphone-rear-1x,,train
1,s03_p06_l0_r0_105,s03_p06_l0_r0_105.jpg,s03,fixed-build-v1,p06,225,0,0,5,iphone-rear-1x,,train
1,s03_p06_l1_r0_106,s03_p06_l1_r0_106.jpg,s03,fixed-build-v1,p06,225,1,0,15,iphone-rear-1x,,train
1,s03_p06_l1_r1_107,s03_p06_l1_r1_107.jpg,s03,fixed-build-v1,p06,225,1,1,25,iphone-rear-1x,,train
1,s03_p06_l0_r1_108,s03_p06_l0_r1_108.jpg,s03,fixed-build-v1,p06,225,0,1,-25,iphone-rear-1x,,train
1,s03_p07_l0_r0_109,s03_p07_l0_r0_109.jpg,s03,fixed-build-v1,p07,255,0,0,15,iphone-rear-1x,,train
1,s03_p07_l1_r0_110,s03_p07_l1_r0_110.jpg,s03,fixed-build-v1,p07,255,1,0,25,iphone-rear-1x,,train
1,s03_p07_l1_r1_111,s03_p07_l1_r1_111.jpg,s03,fixed-build-v1,p07,255,1,1,-25,iphone-rear-1x,,train
1,s03_p07_l0_r1_112,s03_p07_l0_r1_112.jpg,s03,fixed-build-v1,p07,255,0,1,-15,iphone-rear-1x,,train
1,s03_p08_l0_r0_113,s03_p08_l0_r0_113.jpg,s03,fixed-build-v1,p08,285,0,0,25,iphone-rear-1x,,train
1,s03_p08_l1_r0_114,s03_p08_l1_r0_114.jpg,s03,fixed-build-v1,p08,285,1,0,-25,iphone-rear-1x,,train
1,s03_p08_l1_r1_115,s03_p08_l1_r1_115.jpg,s03,fixed-build-v1,p08,285,1,1,-15,iphone-rear-1x,,train
1,s03_p08_l0_r1_116,s03_p08_l0_r1_116.jpg,s03,fixed-build-v1,p08,285,0,1,-5,iphone-rear-1x,,train
1,s03_p09_l0_r0_117,s03_p09_l0_r0_117.jpg,s03,fixed-build-v1,p09,315,0,0,-25,iphone-rear-1x,,train
1,s03_p09_l1_r0_118,s03_p09_l1_r0_118.jpg,s03,fixed-build-v1,p09,315,1,0,-15,iphone-rear-1x,,train
1,s03_p09_l1_r1_119,s03_p09_l1_r1_119.jpg,s03,fixed-build-v1,p09,315,1,1,-5,iphone-rear-1x,,train
1,s03_p09_l0_r1_120,s03_p09_l0_r1_120.jpg,s03,fixed-build-v1,p09,315,0,1,5,iphone-rear-1x,,train
1,s04_p00_l0_r0_121,s04_p00_l0_r0_121.jpg,s04,fixed-build-v1,p00,45,0,0,15,iphone-rear-1x,,train
1,s04_p00_l1_r0_122,s04_p00_l1_r0_122.jpg,s04,fixed-build-v1,p00,45,1,0,25,iphone-rear-1x,,train
1,s04_p00_l1_r1_123,s04_p00_l1_r1_123.jpg,s04,fixed-build-v1,p00,45,1,1,-25,iphone-rear-1x,,train
1,s04_p00_l0_r1_124,s04_p00_l0_r1_124.jpg,s04,fixed-build-v1,p00,45,0,1,-15,iphone-rear-1x,,train
1,s04_p01_l0_r0_125,s04_p01_l0_r0_125.jpg,s04,fixed-build-v1,p01,75,0,0,25,iphone-rear-1x,,train
1,s04_p01_l1_r0_126,s04_p01_l1_r0_126.jpg,s04,fixed-build-v1,p01,75,1,0,-25,iphone-rear-1x,,train
1,s04_p01_l1_r1_127,s04_p01_l1_r1_127.jpg,s04,fixed-build-v1,p01,75,1,1,-15,iphone-rear-1x,,train
1,s04_p01_l0_r1_128,s04_p01_l0_r1_128.jpg,s04,fixed-build-v1,p01,75,0,1,-5,iphone-rear-1x,,train
1,s04_p02_l0_r0_129,s04_p02_l0_r0_129.jpg,s04,fixed-build-v1,p02,105,0,0,-25,iphone-rear-1x,,train
1,s04_p02_l1_r0_130,s04_p02_l1_r0_130.jpg,s04,fixed-build-v1,p02,105,1,0,-15,iphone-rear-1x,,train
1,s04_p02_l1_r1_131,s04_p02_l1_r1_131.jpg,s04,fixed-build-v1,p02,105,1,1,-5,iphone-rear-1x,,train
1,s04_p02_l0_r1_132,s04_p02_l0_r1_132.jpg,s04,fixed-build-v1,p02,105,0,1,5,iphone-rear-1x,,train
1,s04_p03_l0_r0_133,s04_p03_l0_r0_133.jpg,s04,fixed-build-v1,p03,135,0,0,-15,iphone-rear-1x,,train
1,s04_p03_l1_r0_134,s04_p03_l1_r0_134.jpg,s04,fixed-build-v1,p03,135,1,0,-5,iphone-rear-1x,,train
1,s04_p03_l1_r1_135,s04_p03_l1_r1_135.jpg,s04,fixed-build-v1,p03,135,1,1,5,iphone-rear-1x,,train
1,s04_p03_l0_r1_136,s04_p03_l0_r1_136.jpg,s04,fixed-build-v1,p03,135,0,1,15,iphone-rear-1x,,train
1,s04_p04_l0_r0_137,s04_p04_l0_r0_137.jpg,s04,fixed-build-v1,p04,165,0,0,-5,iphone-rear-1x,,train
1,s04_p04_l1_r0_138,s04_p04_l1_r0_138.jpg,s04,fixed-build-v1,p04,165,1,0,5,iphone-rear-1x,,train
1,s04_p04_l1_r1_139,s04_p04_l1_r1_139.jpg,s04,fixed-build-v1,p04,165,1,1,15,iphone-rear-1x,,train
1,s04_p04_l0_r1_140,s04_p04_l0_r1_140.jpg,s04,fixed-build-v1,p04,165,0,1,25,iphone-rear-1x,,train
1,s04_p05_l0_r0_141,s04_p05_l0_r0_141.jpg,s04,fixed-build-v1,p05,195,0,0,5,iphone-rear-1x,,train
1,s04_p05_l1_r0_142,s04_p05_l1_r0_142.jpg,s04,fixed-build-v1,p05,195,1,0,15,iphone-rear-1x,,train
1,s04_p05_l1_r1_143,s04_p05_l1_r1_143.jpg,s04,fixed-build-v1,p05,195,1,1,25,iphone-rear-1x,,train
1,s04_p05_l0_r1_144,s04_p05_l0_r1_144.jpg,s04,fixed-build-v1,p05,195,0,1,-25,iphone-rear-1x,,train
1,s04_p06_l0_r0_145,s04_p06_l0_r0_145.jpg,s04,fixed-build-v1,p06,225,0,0,15,iphone-rear-1x,,train
1,s04_p06_l1_r0_146,s04_p06_l1_r0_146.jpg,s04,fixed-build-v1,p06,225,1,0,25,iphone-rear-1x,,train
1,s04_p06_l1_r1_147,s04_p06_l1_r1_147.jpg,s04,fixed-build-v1,p06,225,1,1,-25,iphone-rear-1x,,train
1,s04_p06_l0_r1_148,s04_p06_l0_r1_148.jpg,s04,fixed-build-v1,p06,225,0,1,-15,iphone-rear-1x,,train
1,s04_p07_l0_r0_149,s04_p07_l0_r0_149.jpg,s04,fixed-build-v1,p07,255,0,0,25,iphone-rear-1x,,train
1,s04_p07_l1_r0_150,s04_p07_l1_r0_150.jpg,s04,fixed-build-v1,p07,255,1,0,-25,iphone-rear-1x,,train
1,s04_p07_l1_r1_151,s04_p07_l1_r1_151.jpg,s04,fixed-build-v1,p07,255,1,1,-15,iphone-rear-1x,,train
1,s04_p07_l0_r1_152,s04_p07_l0_r1_152.jpg,s04,fixed-build-v1,p07,255,0,1,-5,iphone-rear-1x,,train
1,s04_p08_l0_r0_153,s04_p08_l0_r0_153.jpg,s04,fixed-build-v1,p08,285,0,0,-25,iphone-rear-1x,,train
1,s04_p08_l1_r0_154,s04_p08_l1_r0_154.jpg,s04,fixed-build-v1,p08,285,1,0,-15,iphone-rear-1x,,train
1,s04_p08_l1_r1_155,s04_p08_l1_r1_155.jpg,s04,fixed-build-v1,p08,285,1,1,-5,iphone-rear-1x,,train
1,s04_p08_l0_r1_156,s04_p08_l0_r1_156.jpg,s04,fixed-build-v1,p08,285,0,1,5,iphone-rear-1x,,train
1,s04_p09_l0_r0_157,s04_p09_l0_r0_157.jpg,s04,fixed-build-v1,p09,315,0,0,-15,iphone-rear-1x,,train
1,s04_p09_l1_r0_158,s04_p09_l1_r0_158.jpg,s04,fixed-build-v1,p09,315,1,0,-5,iphone-rear-1x,,train
1,s04_p09_l1_r1_159,s04_p09_l1_r1_159.jpg,s04,fixed-build-v1,p09,315,1,1,5,iphone-rear-1x,,train
1,s04_p09_l0_r1_160,s04_p09_l0_r1_160.jpg,s04,fixed-build-v1,p09,315,0,1,15,iphone-rear-1x,,train
1,s05_p00_l0_r0_161,s05_p00_l0_r0_161.jpg,s05,fixed-build-v1,p00,45,0,0,25,iphone-rear-1x,,validation
1,s05_p00_l1_r0_162,s05_p00_l1_r0_162.jpg,s05,fixed-build-v1,p00,45,1,0,-25,iphone-rear-1x,,validation
1,s05_p00_l1_r1_163,s05_p00_l1_r1_163.jpg,s05,fixed-build-v1,p00,45,1,1,-15,iphone-rear-1x,,validation
1,s05_p00_l0_r1_164,s05_p00_l0_r1_164.jpg,s05,fixed-build-v1,p00,45,0,1,-5,iphone-rear-1x,,validation
1,s05_p01_l0_r0_165,s05_p01_l0_r0_165.jpg,s05,fixed-build-v1,p01,75,0,0,-25,iphone-rear-1x,,validation
1,s05_p01_l1_r0_166,s05_p01_l1_r0_166.jpg,s05,fixed-build-v1,p01,75,1,0,-15,iphone-rear-1x,,validation
1,s05_p01_l1_r1_167,s05_p01_l1_r1_167.jpg,s05,fixed-build-v1,p01,75,1,1,-5,iphone-rear-1x,,validation
1,s05_p01_l0_r1_168,s05_p01_l0_r1_168.jpg,s05,fixed-build-v1,p01,75,0,1,5,iphone-rear-1x,,validation
1,s05_p02_l0_r0_169,s05_p02_l0_r0_169.jpg,s05,fixed-build-v1,p02,105,0,0,-15,iphone-rear-1x,,validation
1,s05_p02_l1_r0_170,s05_p02_l1_r0_170.jpg,s05,fixed-build-v1,p02,105,1,0,-5,iphone-rear-1x,,validation
1,s05_p02_l1_r1_171,s05_p02_l1_r1_171.jpg,s05,fixed-build-v1,p02,105,1,1,5,iphone-rear-1x,,validation
1,s05_p02_l0_r1_172,s05_p02_l0_r1_172.jpg,s05,fixed-build-v1,p02,105,0,1,15,iphone-rear-1x,,validation
1,s05_p03_l0_r0_173,s05_p03_l0_r0_173.jpg,s05,fixed-build-v1,p03,135,0,0,-5,iphone-rear-1x,,validation
1,s05_p03_l1_r0_174,s05_p03_l1_r0_174.jpg,s05,fixed-build-v1,p03,135,1,0,5,iphone-rear-1x,,validation
1,s05_p03_l1_r1_175,s05_p03_l1_r1_175.jpg,s05,fixed-build-v1,p03,135,1,1,15,iphone-rear-1x,,validation
1,s05_p03_l0_r1_176,s05_p03_l0_r1_176.jpg,s05,fixed-build-v1,p03,135,0,1,25,iphone-rear-1x,,validation
1,s05_p04_l0_r0_177,s05_p04_l0_r0_177.jpg,s05,fixed-build-v1,p04,165,0,0,5,iphone-rear-1x,,validation
1,s05_p04_l1_r0_178,s05_p04_l1_r0_178.jpg,s05,fixed-build-v1,p04,165,1,0,15,iphone-rear-1x,,validation
1,s05_p04_l1_r1_179,s05_p04_l1_r1_179.jpg,s05,fixed-build-v1,p04,165,1,1,25,iphone-rear-1x,,validation
1,s05_p04_l0_r1_180,s05_p04_l0_r1_180.jpg,s05,fixed-build-v1,p04,165,0,1,-25,iphone-rear-1x,,validation
1,s05_p05_l0_r0_181,s05_p05_l0_r0_181.jpg,s05,fixed-build-v1,p05,195,0,0,15,iphone-rear-1x,,validation
1,s05_p05_l1_r0_182,s05_p05_l1_r0_182.jpg,s05,fixed-build-v1,p05,195,1,0,25,iphone-rear-1x,,validation
1,s05_p05_l1_r1_183,s05_p05_l1_r1_183.jpg,s05,fixed-build-v1,p05,195,1,1,-25,iphone-rear-1x,,validation
1,s05_p05_l0_r1_184,s05_p05_l0_r1_184.jpg,s05,fixed-build-v1,p05,195,0,1,-15,iphone-rear-1x,,validation
1,s05_p06_l0_r0_185,s05_p06_l0_r0_185.jpg,s05,fixed-build-v1,p06,225,0,0,25,iphone-rear-1x,,validation
1,s05_p06_l1_r0_186,s05_p06_l1_r0_186.jpg,s05,fixed-build-v1,p06,225,1,0,-25,iphone-rear-1x,,validation
1,s05_p06_l1_r1_187,s05_p06_l1_r1_187.jpg,s05,fixed-build-v1,p06,225,1,1,-15,iphone-rear-1x,,validation
1,s05_p06_l0_r1_188,s05_p06_l0_r1_188.jpg,s05,fixed-build-v1,p06,225,0,1,-5,iphone-rear-1x,,validation
1,s05_p07_l0_r0_189,s05_p07_l0_r0_189.jpg,s05,fixed-build-v1,p07,255,0,0,-25,iphone-rear-1x,,validation
1,s05_p07_l1_r0_190,s05_p07_l1_r0_190.jpg,s05,fixed-build-v1,p07,255,1,0,-15,iphone-rear-1x,,validation
1,s05_p07_l1_r1_191,s05_p07_l1_r1_191.jpg,s05,fixed-build-v1,p07,255,1,1,-5,iphone-rear-1x,,validation
1,s05_p07_l0_r1_192,s05_p07_l0_r1_192.jpg,s05,fixed-build-v1,p07,255,0,1,5,iphone-rear-1x,,validation
1,s05_p08_l0_r0_193,s05_p08_l0_r0_193.jpg,s05,fixed-build-v1,p08,285,0,0,-15,iphone-rear-1x,,validation
1,s05_p08_l1_r0_194,s05_p08_l1_r0_194.jpg,s05,fixed-build-v1,p08,285,1,0,-5,iphone-rear-1x,,validation
1,s05_p08_l1_r1_195,s05_p08_l1_r1_195.jpg,s05,fixed-build-v1,p08,285,1,1,5,iphone-rear-1x,,validation
1,s05_p08_l0_r1_196,s05_p08_l0_r1_196.jpg,s05,fixed-build-v1,p08,285,0,1,15,iphone-rear-1x,,validation
1,s05_p09_l0_r0_197,s05_p09_l0_r0_197.jpg,s05,fixed-build-v1,p09,315,0,0,-5,iphone-rear-1x,,validation
1,s05_p09_l1_r0_198,s05_p09_l1_r0_198.jpg,s05,fixed-build-v1,p09,315,1,0,5,iphone-rear-1x,,validation
1,s05_p09_l1_r1_199,s05_p09_l1_r1_199.jpg,s05,fixed-build-v1,p09,315,1,1,15,iphone-rear-1x,,validation
1,s05_p09_l0_r1_200,s05_p09_l0_r1_200.jpg,s05,fixed-build-v1,p09,315,0,1,25,iphone-rear-1x,,validation
1,s06_p00_l0_r0_201,s06_p00_l0_r0_201.jpg,s06,fixed-build-v1,p00,45,0,0,-25,iphone-rear-1x,,test
1,s06_p00_l1_r0_202,s06_p00_l1_r0_202.jpg,s06,fixed-build-v1,p00,45,1,0,-15,iphone-rear-1x,,test
1,s06_p00_l1_r1_203,s06_p00_l1_r1_203.jpg,s06,fixed-build-v1,p00,45,1,1,-5,iphone-rear-1x,,test
1,s06_p00_l0_r1_204,s06_p00_l0_r1_204.jpg,s06,fixed-build-v1,p00,45,0,1,5,iphone-rear-1x,,test
1,s06_p01_l0_r0_205,s06_p01_l0_r0_205.jpg,s06,fixed-build-v1,p01,75,0,0,-15,iphone-rear-1x,,test
1,s06_p01_l1_r0_206,s06_p01_l1_r0_206.jpg,s06,fixed-build-v1,p01,75,1,0,-5,iphone-rear-1x,,test
1,s06_p01_l1_r1_207,s06_p01_l1_r1_207.jpg,s06,fixed-build-v1,p01,75,1,1,5,iphone-rear-1x,,test
1,s06_p01_l0_r1_208,s06_p01_l0_r1_208.jpg,s06,fixed-build-v1,p01,75,0,1,15,iphone-rear-1x,,test
1,s06_p02_l0_r0_209,s06_p02_l0_r0_209.jpg,s06,fixed-build-v1,p02,105,0,0,-5,iphone-rear-1x,,test
1,s06_p02_l1_r0_210,s06_p02_l1_r0_210.jpg,s06,fixed-build-v1,p02,105,1,0,5,iphone-rear-1x,,test
1,s06_p02_l1_r1_211,s06_p02_l1_r1_211.jpg,s06,fixed-build-v1,p02,105,1,1,15,iphone-rear-1x,,test
1,s06_p02_l0_r1_212,s06_p02_l0_r1_212.jpg,s06,fixed-build-v1,p02,105,0,1,25,iphone-rear-1x,,test
1,s06_p03_l0_r0_213,s06_p03_l0_r0_213.jpg,s06,fixed-build-v1,p03,135,0,0,5,iphone-rear-1x,,test
1,s06_p03_l1_r0_214,s06_p03_l1_r0_214.jpg,s06,fixed-build-v1,p03,135,1,0,15,iphone-rear-1x,,test
1,s06_p03_l1_r1_215,s06_p03_l1_r1_215.jpg,s06,fixed-build-v1,p03,135,1,1,25,iphone-rear-1x,,test
1,s06_p03_l0_r1_216,s06_p03_l0_r1_216.jpg,s06,fixed-build-v1,p03,135,0,1,-25,iphone-rear-1x,,test
1,s06_p04_l0_r0_217,s06_p04_l0_r0_217.jpg,s06,fixed-build-v1,p04,165,0,0,15,iphone-rear-1x,,test
1,s06_p04_l1_r0_218,s06_p04_l1_r0_218.jpg,s06,fixed-build-v1,p04,165,1,0,25,iphone-rear-1x,,test
1,s06_p04_l1_r1_219,s06_p04_l1_r1_219.jpg,s06,fixed-build-v1,p04,165,1,1,-25,iphone-rear-1x,,test
1,s06_p04_l0_r1_220,s06_p04_l0_r1_220.jpg,s06,fixed-build-v1,p04,165,0,1,-15,iphone-rear-1x,,test
1,s06_p05_l0_r0_221,s06_p05_l0_r0_221.jpg,s06,fixed-build-v1,p05,195,0,0,25,iphone-rear-1x,,test
1,s06_p05_l1_r0_222,s06_p05_l1_r0_222.jpg,s06,fixed-build-v1,p05,195,1,0,-25,iphone-rear-1x,,test
1,s06_p05_l1_r1_223,s06_p05_l1_r1_223.jpg,s06,fixed-build-v1,p05,195,1,1,-15,iphone-rear-1x,,test
1,s06_p05_l0_r1_224,s06_p05_l0_r1_224.jpg,s06,fixed-build-v1,p05,195,0,1,-5,iphone-rear-1x,,test
1,s06_p06_l0_r0_225,s06_p06_l0_r0_225.jpg,s06,fixed-build-v1,p06,225,0,0,-25,iphone-rear-1x,,test
1,s06_p06_l1_r0_226,s06_p06_l1_r0_226.jpg,s06,fixed-build-v1,p06,225,1,0,-15,iphone-rear-1x,,test
1,s06_p06_l1_r1_227,s06_p06_l1_r1_227.jpg,s06,fixed-build-v1,p06,225,1,1,-5,iphone-rear-1x,,test
1,s06_p06_l0_r1_228,s06_p06_l0_r1_228.jpg,s06,fixed-build-v1,p06,225,0,1,5,iphone-rear-1x,,test
1,s06_p07_l0_r0_229,s06_p07_l0_r0_229.jpg,s06,fixed-build-v1,p07,255,0,0,-15,iphone-rear-1x,,test
1,s06_p07_l1_r0_230,s06_p07_l1_r0_230.jpg,s06,fixed-build-v1,p07,255,1,0,-5,iphone-rear-1x,,test
1,s06_p07_l1_r1_231,s06_p07_l1_r1_231.jpg,s06,fixed-build-v1,p07,255,1,1,5,iphone-rear-1x,,test
1,s06_p07_l0_r1_232,s06_p07_l0_r1_232.jpg,s06,fixed-build-v1,p07,255,0,1,15,iphone-rear-1x,,test
1,s06_p08_l0_r0_233,s06_p08_l0_r0_233.jpg,s06,fixed-build-v1,p08,285,0,0,-5,iphone-rear-1x,,test
1,s06_p08_l1_r0_234,s06_p08_l1_r0_234.jpg,s06,fixed-build-v1,p08,285,1,0,5,iphone-rear-1x,,test
1,s06_p08_l1_r1_235,s06_p08_l1_r1_235.jpg,s06,fixed-build-v1,p08,285,1,1,15,iphone-rear-1x,,test
1,s06_p08_l0_r1_236,s06_p08_l0_r1_236.jpg,s06,fixed-build-v1,p08,285,0,1,25,iphone-rear-1x,,test
1,s06_p09_l0_r0_237,s06_p09_l0_r0_237.jpg,s06,fixed-build-v1,p09,315,0,0,5,iphone-rear-1x,,test
1,s06_p09_l1_r0_238,s06_p09_l1_r0_238.jpg,s06,fixed-build-v1,p09,315,1,0,15,iphone-rear-1x,,test
1,s06_p09_l1_r1_239,s06_p09_l1_r1_239.jpg,s06,fixed-build-v1,p09,315,1,1,25,iphone-rear-1x,,test
1,s06_p09_l0_r1_240,s06_p09_l0_r1_240.jpg,s06,fixed-build-v1,p09,315,0,1,-25,iphone-rear-1x,,test
